MEPID	NAME_FULL	COUNTRY	NATIONAL_PARTY	GROUPE_ID	GENDER
101580	Constance LE GRIP	France	Les Républicains	PPE	F
1023	Jean-Marie LE PEN	France	Front national	NI	M
102886	Ildikó GÁLL-PELCZ	Hungary	Fidesz-Magyar Polgári Szövetség-Kereszténydemokrata Néppárt	PPE	F
102887	Béla KOVÁCS	Hungary	-	NI	M
102931	Keith TAYLOR	United Kingdom	Green Party	Verts/ALE	M
103246	Auke ZIJLSTRA	Netherlands	Partij voor de Vrijheid	NI	M
103381	Terry REINTKE	Germany	Bündnis 90/Die Grünen	Verts/ALE	F
103488	Sergio GUTIÉRREZ PRIETO	Spain	Partido Socialista Obrero Español	S&D	M
1037	Reimer BÖGE	Germany	Christlich Demokratische Union Deutschlands	PPE	M
1038	Karl-Heinz FLORENZ	Germany	Christlich Demokratische Union Deutschlands	PPE	M
103845	Virginie ROZIÈRE	France	Les radicaux de Gauche	S&D	F
1055	Godelieve QUISTHOUDT-ROWOHL	Germany	Christlich Demokratische Union Deutschlands	PPE	F
106202	Julia REID	United Kingdom	United Kingdom Independence Party	EFDD	F
107041	Heinz K. BECKER	Austria	Österreichische Volkspartei	PPE	M
107212	Andrey NOVAKOV	Bulgaria	Citizens for European Development of Bulgaria	PPE	M
107385	Sampo TERHO	Finland	Perussuomalaiset	ECR	M
108080	Franck PROUST	France	Les Républicains	PPE	M
109337	Philippe DE BACKER	Belgium	Open Vlaamse Liberalen en Democraten	ALDE	M
110977	Florian PHILIPPOT	France	Les Patriotes	EFDD	M
111011	Anthea McINTYRE	United Kingdom	Conservative Party	ECR	F
111014	Josef WEIDENHOLZER	Austria	Sozialdemokratische Partei Österreichs	S&D	M
111024	Jens NILSSON	Sweden	Arbetarepartiet- Socialdemokraterna	S&D	M
111027	Svetoslav Hristov MALINOV	Bulgaria	Democrats for Strong Bulgaria	PPE	M
111589	Inês Cristina ZUBER	Portugal	Partido Comunista Português	GUE/NGL	F
112611	Petri SARVAMAA	Finland	Kansallinen Kokoomus	PPE	M
112744	Tonino PICULA	Croatia	Socijaldemokratska partija Hrvatske	S&D	M
112748	Biljana BORZAN	Croatia	Socijaldemokratska partija Hrvatske	S&D	F
112753	Jozo RADOŠ	Croatia	Građansko-liberalni savez	ALDE	M
112755	Andrej PLENKOVIĆ	Croatia	Hrvatska demokratska zajednica	PPE	M
112788	Birgit COLLIN-LANGEN	Germany	Christlich Demokratische Union Deutschlands	PPE	F
113892	Eric ANDRIEU	France	Parti socialiste	S&D	M
113959	Martina ANDERSON	United Kingdom	Sinn Fein	GUE/NGL	F
114268	Nils TORVALDS	Finland	Svenska folkpartiet	ALDE	M
114279	Isabelle THOMAS	France	Génération.s, le mouvement	S&D	F
1164	Bruno GOLLNISCH	France	Front national	NI	M
117477	Mark DEMESMAEKER	Belgium	Nieuw-Vlaamse Alliantie	ECR	M
117491	Anneleen VAN BOSSUYT	Belgium	Nieuw-Vlaamse Alliantie	ECR	F
1179	Michèle ALLIOT-MARIE	France	Les Républicains	PPE	F
1185	Viviane REDING	Luxembourg	Parti chrétien social luxembourgeois	PPE	F
118658	Brian HAYES	Ireland	Fine Gael Party	PPE	M
118858	Marlene MIZZI	Malta	Partit Laburista	S&D	F
118859	Roberta METSOLA	Malta	Partit Nazzjonalista	PPE	F
119431	Ruža TOMAŠIĆ	Croatia	Hrvatska konzervativna stranka	ECR	F
119434	Dubravka ŠUICA	Croatia	Hrvatska demokratska zajednica	PPE	F
119435	Davor Ivo STIER	Croatia	Hrvatska demokratska zajednica	PPE	M
119436	Ivana MALETIĆ	Croatia	Hrvatska demokratska zajednica	PPE	F
1204	Alain LAMASSOURE	France	Indépendant	PPE	M
120478	Martina MICHELS	Germany	DIE LINKE.	GUE/NGL	F
122885	Rina Ronja KARI	Denmark	Folkebevægelsen mod EU	GUE/NGL	F
124287	Christine REVAULT D'ALLONNES BONNEFOY	France	Parti socialiste	S&D	F
124688	Christos STYLIANIDES	Cyprus	Democratic Rally	PPE	M
124689	Neoklis SYLIKIOTIS	Cyprus	Progressive Party of Working People - Left - New Forces	GUE/NGL	M
124691	Costas MAVRIDES	Cyprus	Democratic Party	S&D	M
124692	Demetris PAPADAKIS	Cyprus	Movement for Social Democracy EDEK	S&D	M
124693	Pascal DURAND	France	Europe Écologie	Verts/ALE	M
124695	Jan KELLER	Czech Republic	Česká strana sociálně demokratická	S&D	M
124696	Andrus ANSIP	Estonia	Eesti Reformierakond	ALDE	M
124697	Kaja KALLAS	Estonia	Eesti Reformierakond	ALDE	F
124698	Marju LAURISTIN	Estonia	Sotsiaaldemokraatlik Erakond	S&D	F
124699	Miroslav POCHE	Czech Republic	Česká strana sociálně demokratická	S&D	M
124700	Yana TOOM	Estonia	Eesti Keskerakond	ALDE	F
124701	Luděk NIEDERMAYER	Czech Republic	TOP 09 a Starostové	PPE	M
124702	Jaromír ŠTĚTINA	Czech Republic	TOP 09 a Starostové	PPE	M
124703	Tibor SZANYI	Hungary	Magyar Szocialista Párt	S&D	M
124704	Stanislav POLČÁK	Czech Republic	Starostové a nezávisli	PPE	M
124705	István UJHELYI	Hungary	Magyar Szocialista Párt	S&D	M
124706	Pavel TELIČKA	Czech Republic	Independent	ALDE	M
124707	Petr JEŽEK	Czech Republic	Independent	ALDE	M
124708	Dita CHARANZOVÁ	Czech Republic	ANO 2011	ALDE	F
124709	Martina DLABAJOVÁ	Czech Republic	ANO 2011	ALDE	F
124710	Michaela ŠOJDROVÁ	Czech Republic	Křesťanská a demokratická unie - Československá strana lidová	PPE	F
124711	Norbert ERDŐS	Hungary	Fidesz-Magyar Polgári Szövetség-Kereszténydemokrata Néppárt	PPE	M
124712	Andrea BOCSKOR	Hungary	Fidesz-Magyar Polgári Szövetség-Kereszténydemokrata Néppárt	PPE	F
124713	Tomáš ZDECHOVSKÝ	Czech Republic	Křesťanská a demokratická unie - Československá strana lidová	PPE	M
124714	Andor DELI	Hungary	Fidesz-Magyar Polgári Szövetség-Kereszténydemokrata Néppárt	PPE	M
124715	György HÖLVÉNYI	Hungary	Kereszténydemokrata Néppárt	PPE	M
124720	Tamás MESZERICS	Hungary	Lehet Más A Politika	Verts/ALE	M
124721	Benedek JÁVOR	Hungary	Együtt 2014 - Párbeszéd Magyarországért	Verts/ALE	M
124722	Csaba MOLNÁR	Hungary	Demokratikus Koalíció	S&D	M
124723	Péter NIEDERMÜLLER	Hungary	Demokratikus Koalíció	S&D	M
124725	Louis-Joseph MANSCOUR	France	Parti socialiste	S&D	M
124726	Henna VIRKKUNEN	Finland	Kansallinen Kokoomus	PPE	F
124727	Jussi HALLA-AHO	Finland	Perussuomalaiset	ECR	M
124728	Marc JOULAUD	France	Les Républicains	PPE	M
124729	Renaud MUSELIER	France	Les Républicains	PPE	M
124730	Fernando RUAS	Portugal	Partido Social Democrata	PPE	M
124731	Jérôme LAVRILLEUX	France	-	PPE	M
124732	Angélique DELAHAYE	France	Les Républicains	PPE	F
124733	Sofia RIBEIRO	Portugal	Partido Social Democrata	PPE	F
124734	Cláudia MONTEIRO DE AGUIAR	Portugal	Partido Social Democrata	PPE	F
124735	Miapetra KUMPULA-NATRI	Finland	Suomen Sosialidemokraattinen Puolue/Finlands Socialdemokratiska Parti	S&D	F
124736	Merja KYLLÖNEN	Finland	Vasemmistoliitto	GUE/NGL	F
124737	Maria João RODRIGUES	Portugal	Partido Socialista	S&D	F
124738	Gilles LEBRETON	France	Rassemblement national	ENF	M
124739	Carlos ZORRINHO	Portugal	Partido Socialista	S&D	M
124740	Joëlle BERGERON	France	Sans étiquette	EFDD	F
124741	Ricardo SERRÃO SANTOS	Portugal	Partido Socialista	S&D	M
124742	António MARINHO E PINTO	Portugal	Partido Democrático Republicano	ALDE	M
124743	Artis PABRIKS	Latvia	-	PPE	M
124744	Guillaume BALAS	France	Génération.s, le mouvement	S&D	M
124745	Iveta GRIGULE-PĒTERSE	Latvia	Zaļo un Zemnieku savienība	EFDD	F
124746	Andrejs MAMIKINS	Latvia	"""Saskaņa"" sociāldemokrātiskā partija"	S&D	M
124747	Pedro SILVA PEREIRA	Portugal	Partido Socialista	S&D	M
124748	Marie-Christine ARNAUTU	France	Rassemblement national	ENF	F
124749	Marijana PETIR	Croatia	Independent	PPE	F
124750	Mireille D'ORNANO	France	Les Patriotes	EFDD	F
124751	Dominique MARTIN	France	Rassemblement national	ENF	M
124752	Aymeric CHAUPRADE	France	Les Français Libres	NI	M
124753	Marie-Christine BOUTONNET	France	Rassemblement national	ENF	F
124754	Ivan JAKOVČIĆ	Croatia	Istarski demokratski sabor - Dieta democratica istriana	ALDE	M
124755	Jean-Luc SCHAFFHAUSER	France	Rassemblement bleu Marine	ENF	M
124756	Davor ŠKRLEC	Croatia	Independent	Verts/ALE	M
124757	Steeve BRIOIS	France	Rassemblement national	ENF	M
124758	Mylène TROSZCZYNSKI	France	Rassemblement national	ENF	F
124759	Gabrielius LANDSBERGIS	Lithuania	Tėvynės sąjunga-Lietuvos krikščionys demokratai	PPE	M
124760	Nicolas BAY	France	Rassemblement national	ENF	M
124761	Bernard MONOT	France	Debout la France	EFDD	M
124763	Antanas GUOGA	Lithuania	Independent	PPE	M
124764	Giovanni TOTI	Italy	Forza Italia	PPE	M
124765	Joëlle MÉLIN	France	Rassemblement national	ENF	F
124766	Petras AUŠTREVIČIUS	Lithuania	Lietuvos Respublikos liberalų sąjūdis	ALDE	M
124767	Edouard FERRAND	France	Front national	NI	M
124768	Valentinas MAZURONIS	Lithuania	Independent	ALDE	M
124769	Sophie MONTEL	France	-	EFDD	F
124770	Jean-François JALKH	France	Rassemblement national	ENF	M
124771	Dominique BILDE	France	Rassemblement national	ENF	F
124772	Alberto CIRIO	Italy	Forza Italia	PPE	M
124773	Jean ARTHUIS	France	Union des Démocrates et Indépendants	ALDE	M
124776	Mady DELVAUX	Luxembourg	Parti ouvrier socialiste luxembourgeois	S&D	F
124777	Tiziana BEGHIN	Italy	Movimento 5 Stelle	EFDD	F
124778	Marco VALLI	Italy	Movimento 5 Stelle	EFDD	M
124779	Eleonora EVI	Italy	Movimento 5 Stelle	EFDD	F
124780	Marco ZANNI	Italy	Lega Nord	ENF	M
124781	Alfred SANT	Malta	Partit Laburista	S&D	M
124784	Dan NICA	Romania	Partidul Social Democrat	S&D	M
124785	Maria GRAPINI	Romania	Partidul Puterii Umaniste	S&D	F
124786	Damian DRĂGHICI	Romania	Independent	S&D	M
124787	Renata BRIANO	Italy	Partito Democratico	S&D	F
124788	Luigi MORGANO	Italy	Partito Democratico	S&D	M
124789	Sorin MOISĂ	Romania	Independent	S&D	M
124790	Doru-Claudian FRUNZULICĂ	Romania	Partidul Social Democrat	S&D	M
124791	Daniele VIOTTI	Italy	Partito Democratico	S&D	M
124792	Laurenţiu REBEGA	Romania	Independent	ENF	M
124793	Claudia ȚAPARDEL	Romania	Partidul Social Democrat	S&D	F
124794	Remo SERNAGIOTTO	Italy	Conservatori e Riformisti	ECR	M
124796	David BORRELLI	Italy	Movimento 5 Stelle	EFDD	M
124797	Marco AFFRONTE	Italy	Independent	Verts/ALE	M
124799	Alessandra MORETTI	Italy	Partito Democratico	S&D	
124800	Flavio ZANONATO	Italy	Articolo UNO – Movimento Democratico e Progressista	S&D	M
124801	Cécile Kashetu KYENGE	Italy	Partito Democratico	S&D	F
124802	Siegfried MUREŞAN	Romania	Partidul Naţional Liberal	PPE	M
124803	Isabella DE MONTE	Italy	Partito Democratico	S&D	F
124804	Elly SCHLEIN	Italy	-	S&D	F
124805	Mircea DIACONU	Romania	Independent	ALDE	M
124806	David McALLISTER	Germany	Christlich Demokratische Union Deutschlands	PPE	M
124807	Jens GIESEKE	Germany	Christlich Demokratische Union Deutschlands	PPE	M
124808	Norbert LINS	Germany	Christlich Demokratische Union Deutschlands	PPE	M
124809	Sven SCHULZE	Germany	Christlich Demokratische Union Deutschlands	PPE	M
124810	Barbara SPINELLI	Italy	Independent	GUE/NGL	F
124811	Laura AGEA	Italy	Movimento 5 Stelle	EFDD	F
124812	Fabio Massimo CASTALDO	Italy	Movimento 5 Stelle	EFDD	M
124813	Dario TAMBURRANO	Italy	Movimento 5 Stelle	EFDD	M
124814	Simona BONAFÈ	Italy	Partito Democratico	S&D	F
124815	Arne GERICKE	Germany	Freie Wähler	ECR	M
124816	Julia REDA	Germany	Piratenpartei Deutschland	Verts/ALE	F
124817	Enrico GASBARRA	Italy	Partito Democratico	S&D	M
124818	Klaus BUCHNER	Germany	Ökologisch-Demokratische Partei	Verts/ALE	M
124819	Goffredo Maria BETTINI	Italy	Partito Democratico	S&D	M
124820	Bernd LUCKE	Germany	Liberal-Conservative Refomists	ECR	M
124821	Nicola DANTI	Italy	Partito Democratico	S&D	M
124822	Dietmar KÖSTER	Germany	Sozialdemokratische Partei Deutschlands	S&D	M
124823	Hans-Olaf HENKEL	Germany	Liberal-Conservative Refomists	ECR	M
124824	Bernd KÖLMEL	Germany	Liberal-Conservative Refomists	ECR	M
124825	Beatrix von STORCH	Germany	Alternative für Deutschland	ECR	F
124826	Martina WERNER	Germany	Sozialdemokratische Partei Deutschlands	S&D	F
124827	Joachim STARBATTY	Germany	Liberal-Conservative Refomists	ECR	M
124828	Fulvio MARTUSCIELLO	Italy	Forza Italia	PPE	M
124829	Ulrike TREBESIUS	Germany	Liberal-Conservative Refomists	ECR	F
124830	Marcus PRETZELL	Germany	Die blaue Partei	ENF	M
124831	Isabella ADINOLFI	Italy	Movimento 5 Stelle	EFDD	F
124832	Udo VOIGT	Germany	Nationaldemokratische Partei Deutschlands	NI	M
124833	Laura FERRARA	Italy	Movimento 5 Stelle	EFDD	F
124834	Martin SONNEBORN	Germany	Die PARTEI	NI	M
124835	Rosa D'AMATO	Italy	Movimento 5 Stelle	EFDD	F
124836	Maria NOICHL	Germany	Sozialdemokratische Partei Deutschlands	S&D	F
124837	Joachim SCHUSTER	Germany	Sozialdemokratische Partei Deutschlands	S&D	M
124838	Susanne MELIOR	Germany	Sozialdemokratische Partei Deutschlands	S&D	F
124839	Arne LIETZ	Germany	Sozialdemokratische Partei Deutschlands	S&D	M
124840	Jakob von WEIZSÄCKER	Germany	Sozialdemokratische Partei Deutschlands	S&D	M
124841	Iris HOFFMANN	Germany	Sozialdemokratische Partei Deutschlands	S&D	F
124842	Daniela AIUTO	Italy	Movimento 5 Stelle	EFDD	F
124843	Tomislav DONCHEV	Bulgaria	Citizens for European Development of Bulgaria	PPE	M
124844	Piernicola PEDICINI	Italy	Movimento 5 Stelle	EFDD	M
124846	Pina PICIERNO	Italy	Partito Democratico	S&D	F
124847	Elena GENTILE	Italy	Partito Democratico	S&D	F
124848	Maria HEUBUCH	Germany	Bündnis 90/Die Grünen	Verts/ALE	F
124849	Massimo PAOLUCCI	Italy	Articolo UNO – Movimento Democratico e Progressista	S&D	M
124850	Emil RADEV	Bulgaria	Citizens for European Development of Bulgaria	PPE	M
124851	Nicola CAPUTO	Italy	Partito Democratico	S&D	M
124852	Sergei STANISHEV	Bulgaria	Bulgarian Socialist Party	S&D	M
124853	Salvatore Domenico POGLIESE	Italy	Forza Italia	PPE	M
124854	Salvatore CICU	Italy	Forza Italia	PPE	M
124855	Georgi PIRINSKI	Bulgaria	Bulgarian Socialist Party	S&D	M
124856	Ignazio CORRAO	Italy	Movimento 5 Stelle	EFDD	M
124857	Peter KOUROUMBASHEV	Bulgaria	-	S&D	M
124858	Fabio DE MASI	Germany	DIE LINKE.	GUE/NGL	M
124859	Giulia MOI	Italy	Movimento 5 Stelle	EFDD	F
124860	Renato SORU	Italy	Partito Democratico	S&D	M
124861	Caterina CHINNICI	Italy	Partito Democratico	S&D	F
124862	Ulrike MÜLLER	Germany	Freie Wähler	ALDE	F
124863	Stefan ECK	Germany	Independent	GUE/NGL	M
124864	Michela GIUFFRIDA	Italy	Partito Democratico	S&D	F
124866	Ilhan KYUCHYUK	Bulgaria	Movement for Rights and Freedoms	ALDE	M
124867	Brando BENIFEI	Italy	Partito Democratico	S&D	M
124868	Alessia Maria MOSCA	Italy	Partito Democratico	S&D	F
124869	Gianluca BUONANNO	Italy	Lega Nord	NI	M
124870	Jeppe KOFOD	Denmark	Socialdemokratiet	S&D	M
124871	Nikolay BAREKOV	Bulgaria	Reload Bulgaria Party	ECR	M
124872	Morten Helveg PETERSEN	Denmark	Det Radikale Venstre	ALDE	M
124873	Angel DZHAMBAZKI	Bulgaria	VMRO	ECR	M
124874	Bolesław G. PIECHA	Poland	Prawo i Sprawiedliwość	ECR	M
124875	Anders Primdahl VISTISEN	Denmark	Dansk Folkeparti	ECR	M
124876	Rikke-Louise KARLSSON	Denmark	Independent	ECR	F
124877	Jadwiga WIŚNIEWSKA	Poland	Prawo i Sprawiedliwość	ECR	F
124878	Jørn DOHRMANN	Denmark	Dansk Folkeparti	ECR	M
124879	Janusz KORWIN-MIKKE	Poland	Wolność	NI	M
124880	Ulla TØRNÆS	Denmark	Venstre, Danmarks Liberale Parti	ALDE	F
124881	Marek PLURA	Poland	Platforma Obywatelska	PPE	M
124882	Dawid Bohdan JACKIEWICZ	Poland	Prawo i Sprawiedliwość	ECR	M
124883	Krystyna ŁYBACKA	Poland	Sojusz Lewicy Demokratycznej	S&D	F
124884	Kosma ZŁOTOWSKI	Poland	Prawo i Sprawiedliwość	ECR	M
124886	Robert Jarosław IWASZKIEWICZ	Poland	Wolność	EFDD	M
124887	Karol KARSKI	Poland	Prawo i Sprawiedliwość	ECR	M
124888	Gabriele PREUSS	Germany	Sozialdemokratische Partei Deutschlands	S&D	F
124889	Agnieszka KOZŁOWSKA-RAJEWICZ	Poland	Platforma Obywatelska	PPE	F
124890	Adam SZEJNFELD	Poland	Platforma Obywatelska	PPE	M
124891	Zdzisław KRASNODĘBSKI	Poland	Bezpartyjny	ECR	M
124892	Marek JUREK	Poland	Prawica Rzeczypospolitej	ECR	M
124893	Bogdan Andrzej ZDROJEWSKI	Poland	Platforma Obywatelska	PPE	M
124894	Michał MARUSIK	Poland	Kongres Nowej Prawicy	NI	M
124895	Krzysztof HETMAN	Poland	Polskie Stronnictwo Ludowe	PPE	M
124896	Michał BONI	Poland	Platforma Obywatelska	PPE	M
124897	Stanisław OŻÓG	Poland	Prawo i Sprawiedliwość	ECR	M
124898	Julia PITERA	Poland	Platforma Obywatelska	PPE	F
124899	Andrzej DUDA	Poland	Prawo i Sprawiedliwość	ECR	M
124900	Beata GOSIEWSKA	Poland	Prawo i Sprawiedliwość	ECR	F
124901	Jana ŽITŇANSKÁ	Slovakia	NOVA	ECR	F
124902	Stanisław ŻÓŁTEK	Poland	Kongres Nowej Prawicy	NI	M
124903	Bogdan Brunon WENTA	Poland	Platforma Obywatelska	PPE	M
124926	József NAGY	Slovakia	MOST - HÍD	PPE	M
124927	Branislav ŠKRIPEK	Slovakia	OBYČAJNÍ ĽUDIA	ECR	M
124928	Richard SULÍK	Slovakia	Sloboda a Solidarita	ALDE	M
124929	Ivan ŠTEFANEC	Slovakia	Kresťanskodemokratické hnutie	PPE	M
124930	Pál CSÁKY	Slovakia	Strana mad'arskej komunity- Magyar Közösség Pártja	PPE	M
124932	Josep-Maria TERRICABRAS	Spain	Esquerra Republicana de Catalunya	Verts/ALE	M
124933	Ernest MARAGALL	Spain	Nova Esquerra Catalana	Verts/ALE	M
124934	Monika VANA	Austria	Die Grünen - Die Grüne Alternative	Verts/ALE	F
124935	Michel REIMON	Austria	Die Grünen - Die Grüne Alternative	Verts/ALE	M
124936	Maria ARENA	Belgium	Parti Socialiste	S&D	F
124937	Peter ERIKSSON	Sweden	Miljöpartiet de gröna	Verts/ALE	M
124938	Janice ATKINSON	United Kingdom	-	ENF	F
124939	Diane JAMES	United Kingdom	-	NI	F
124940	Patrick O'FLYNN	United Kingdom	United Kingdom Independence Party	EFDD	M
124941	Raymond FINCH	United Kingdom	United Kingdom Independence Party	EFDD	M
124942	Molly SCOTT CATO	United Kingdom	Green Party	Verts/ALE	F
124943	Andrew LEWER	United Kingdom	Conservative Party	ECR	M
124944	Clare MOODY	United Kingdom	Labour Party	S&D	F
124945	Margot PARKER	United Kingdom	United Kingdom Independence Party	EFDD	F
124947	Edouard MARTIN	France	Parti socialiste	S&D	M
124948	Siôn SIMON	United Kingdom	Labour Party	S&D	M
124949	Lucy ANDERSON	United Kingdom	Labour Party	S&D	F
124950	Jill SEYMOUR	United Kingdom	United Kingdom Independence Party	EFDD	F
124951	Bill ETHERIDGE	United Kingdom	Libertarian Party	EFDD	M
124952	Seb DANCE	United Kingdom	Labour Party	S&D	M
124953	Jude KIRTON-DARLING	United Kingdom	Labour Party	S&D	F
124954	Paul BRANNEN	United Kingdom	Labour Party	S&D	M
124955	Jane COLLINS	United Kingdom	United Kingdom Independence Party	EFDD	F
124956	Amjad BASHIR	United Kingdom	Conservative Party	ECR	M
124957	Mike HOOKEM	United Kingdom	United Kingdom Independence Party	EFDD	M
124958	Jonathan ARNOTT	United Kingdom	United Kingdom Independence Party	EFDD	M
124960	Ian DUNCAN	United Kingdom	Conservative Party	ECR	M
124961	Theresa GRIFFIN	United Kingdom	Labour Party	S&D	F
124962	Afzal KHAN	United Kingdom	Labour Party	S&D	M
124963	Julie WARD	United Kingdom	Labour Party	S&D	F
124964	Louise BOURS	United Kingdom	United Kingdom Independence Party	EFDD	F
124965	Nathan GILL	United Kingdom	United Kingdom Independence Party	EFDD	M
124966	Steven WOOLFE	United Kingdom	Independent	EFDD	M
124967	David COBURN	United Kingdom	United Kingdom Independence Party	EFDD	M
124968	Therese COMODINI CACHIA	Malta	Partit Nazzjonalista	PPE	F
124969	Anneliese DODDS	United Kingdom	Labour Party	S&D	F
124970	Miriam DALLI	Malta	Partit Laburista	S&D	F
124971	James CARVER	United Kingdom	Independent	NI	M
124972	Ernest URTASUN	Spain	Iniciativa per Catalunya Verds	Verts/ALE	M
124973	Gerolf ANNEMANS	Belgium	Vlaams Belang	NI	M
124984	Lynn BOYLAN	Ireland	Sinn Féin	GUE/NGL	F
124985	Luke Ming FLANAGAN	Ireland	Independent	GUE/NGL	M
124986	Matt CARTHY	Ireland	Sinn Féin	GUE/NGL	M
124987	Liadh NÍ RIADA	Ireland	Sinn Féin	GUE/NGL	F
124988	Deirdre CLUNE	Ireland	Fine Gael Party	PPE	F
124989	Fredrick FEDERLEY	Sweden	Centerpartiet	ALDE	M
124990	Lars ADAKTUSSON	Sweden	Kristdemokraterna	PPE	M
124991	Jytte GUTELAND	Sweden	Arbetarepartiet- Socialdemokraterna	S&D	F
124992	Malin BJÖRK	Sweden	Vänsterpartiet	GUE/NGL	F
124993	Bodil VALERO	Sweden	Miljöpartiet de gröna	Verts/ALE	F
124994	Max ANDERSSON	Sweden	Miljöpartiet de gröna	Verts/ALE	M
124995	Kristina WINBERG	Sweden	Sverigedemokraterna	EFDD	F
124996	Peter LUNDGREN	Sweden	Sverigedemokraterna	EFDD	M
124997	Soraya POST	Sweden	Feministiskt initiativ	S&D	F
125001	Harald VILIMSKY	Austria	Freiheitliche Partei Österreichs	NI	M
125002	Hugues BAYET	Belgium	Parti Socialiste	S&D	M
125003	Igor ŠOLTES	Slovenia	Lista dr. Igorja Šoltesa	Verts/ALE	M
125004	Franc BOGOVIČ	Slovenia	Slovenska ljudska stranka	PPE	M
125005	Javier NART	Spain	Ciudadanos – Partido de la Ciudadanía	ALDE	M
125006	Francesc GAMBÚS	Spain	-	PPE	M
125012	Daniel BUDA	Romania	Partidul Naţional Liberal	PPE	M
125013	Momchil NEKOV	Bulgaria	Bulgarian Socialist Party	S&D	M
125016	Claudia SCHMIDT	Austria	Österreichische Volkspartei	PPE	F
125018	Eugen FREUND	Austria	Sozialdemokratische Partei Österreichs	S&D	M
125019	Cora van NIEUWENHUIZEN	Netherlands	Volkspartij voor Vrijheid en Democratie	ALDE	F
125020	Paul TANG	Netherlands	Partij van de Arbeid	S&D	M
125021	Agnes JONGERIUS	Netherlands	Partij van de Arbeid	S&D	F
125022	Matthijs van MILTENBURG	Netherlands	Democraten 66	ALDE	M
125023	Anja HAZEKAMP	Netherlands	Partij voor de Dieren	GUE/NGL	F
125024	Barbara KAPPEL	Austria	Freiheitliche Partei Österreichs	NI	F
125025	Marcel de GRAAFF	Netherlands	Partij voor de Vrijheid	NI	M
125026	Angelika MLINAR	Austria	NEOS – Das Neue Österreich	ALDE	F
125027	Esteban GONZÁLEZ PONS	Spain	Partido Popular	PPE	M
125028	Olaf STUGER	Netherlands	Partij voor de Vrijheid	NI	M
125029	Hans JANSEN	Netherlands	Partij voor de Vrijheid	NI	M
125030	Annie SCHREIJER-PIERIK	Netherlands	Christen Democratisch Appèl	PPE	F
125031	Pablo IGLESIAS	Spain	PODEMOS	GUE/NGL	M
125032	Ramón Luis VALCÁRCEL SISO	Spain	Partido Popular	PPE	M
125033	Teresa RODRIGUEZ-RUBIO	Spain	PODEMOS	GUE/NGL	F
125035	Lola SÁNCHEZ CALDENTEY	Spain	PODEMOS	GUE/NGL	F
125036	Pablo ECHENIQUE	Spain	PODEMOS	GUE/NGL	M
125037	Anne-Marie MINEUR	Netherlands	Socialistische Partij	GUE/NGL	F
125038	Maite PAGAZAURTUNDÚA RUIZ	Spain	Unión, Progreso y Democracia	ALDE	F
125039	Fernando MAURA BARANDIARÁN	Spain	Delegación Ciudadanos Europeos	ALDE	M
125040	Beatriz BECERRA BASTERRECHEA	Spain	Independiente	ALDE	F
125041	Soledad CABEZÓN RUIZ	Spain	Partido Socialista Obrero Español	S&D	F
125042	Javi LÓPEZ	Spain	Partit dels Socialistes de Catalunya	S&D	M
125043	Inmaculada RODRÍGUEZ-PIÑERO FERNÁNDEZ	Spain	Partido Socialista Obrero Español	S&D	F
125044	José BLANCO LÓPEZ	Spain	Partido Socialista Obrero Español	S&D	M
125045	Clara Eugenia AGUILERA GARCÍA	Spain	Partido Socialista Obrero Español	S&D	F
125046	Jonás FERNÁNDEZ	Spain	Partido Socialista Obrero Español	S&D	M
125047	Paloma LÓPEZ BERMEJO	Spain	Izquierda Unida	GUE/NGL	F
125048	Marina ALBIOL GUZMÁN	Spain	Izquierda Unida	GUE/NGL	F
125049	Maria Lidia SENRA RODRÍGUEZ	Spain	Alternativa galega de esquerda en Europa	GUE/NGL	F
125050	Ángela VALLINA	Spain	Izquierda Xunida	GUE/NGL	F
125051	Josu JUARISTI ABAUNZ	Spain	EH BILDU	GUE/NGL	M
125052	Juan Carlos GIRAUTA VIDAL	Spain	Ciudadanos – Partido de la Ciudadanía	ALDE	M
125053	Jordi Vicent SEBASTIA TALAVERA	Spain	COMPROMIS	Verts/ALE	M
125061	Kostas CHRYSOGONOS	Greece	Coalition of the Radical Left	GUE/NGL	M
125062	Georgios KATROUGKALOS	Greece	Coalition of the Radical Left	GUE/NGL	
125063	Georgios KYRTSOS	Greece	Nea Demokratia	PPE	M
125064	Maria SPYRAKI	Greece	Nea Demokratia	PPE	F
125065	Elissavet VOZEMBERG-VRIONIDI	Greece	Nea Demokratia	PPE	F
125067	Theodoros ZAGORAKIS	Greece	Nea Demokratia	PPE	M
125068	Manolis KEFALOGIANNIS	Greece	Nea Demokratia	PPE	M
125069	Notis MARIAS	Greece	Greece-The Alternative Road	ECR	M
125070	Lampros FOUNTOULIS	Greece	Popular Association – Golden Dawn	NI	M
125071	Georgios EPITIDEIOS	Greece	Popular Association – Golden Dawn	NI	M
125072	Eleftherios SYNADINOS	Greece	Patriotic Radical Union (PAT.RI.E.)	NI	M
125090	Sotirios ZARIANOPOULOS	Greece	Communist Party of Greece	NI	M
125091	Sofia SAKORAFA	Greece	Independent	GUE/NGL	F
125092	Kostadinka KUNEVA	Greece	Coalition of the Radical Left	GUE/NGL	F
125093	Konstantinos PAPADAKIS	Greece	Communist Party of Greece	NI	M
125099	Liliana RODRIGUES	Portugal	Partido Socialista	S&D	F
125100	Miguel VIEGAS	Portugal	Partido Comunista Português	GUE/NGL	M
125101	José Inácio FARIA	Portugal	Partido da Terra	ALDE	M
125103	Patricija ŠULIN	Slovenia	Slovenska demokratska stranka	PPE	F
125104	Romana TOMC	Slovenia	Slovenska demokratska stranka	PPE	F
125105	Helga STEVENS	Belgium	Nieuw-Vlaamse Alliantie	ECR	F
125107	Claude ROLIN	Belgium	Centre Démocrate Humaniste	PPE	M
125108	Louis IDE	Belgium	Nieuw-Vlaamse Alliantie	ECR	
125109	Eva KAILI	Greece	Panhellenic Socialist Movement - Olive Tree	S&D	F
125110	Nikos ANDROULAKIS	Greece	Panhellenic Socialist Movement - Olive Tree	S&D	M
125112	Giorgos GRAMMATIKAKIS	Greece	The River	S&D	M
125113	Miltiadis KYRKOS	Greece	The River	S&D	M
125128	Iskra MIHAYLOVA	Bulgaria	Movement for Rights and Freedoms	ALDE	F
125192	Curzio MALTESE	Italy	Lista Tsipras-L'Altra Europa	GUE/NGL	M
125193	Eleonora FORENZA	Italy	Lista Tsipras-L'Altra Europa	GUE/NGL	F
125214	Bronis ROPĖ	Lithuania	Lietuvos valstiečių ir žaliųjų sąjunga	Verts/ALE	M
125237	Marco ZULLO	Italy	Movimento 5 Stelle	EFDD	M
125670	Massimiliano SALINI	Italy	Forza Italia	PPE	M
125684	Philippe LOISEAU	France	Rassemblement national	ENF	M
125706	Jiří POSPÍŠIL	Czech Republic	TOP 09 a Starostové	PPE	M
125997	Javier COUSO PERMUY	Spain	Izquierda Unida	GUE/NGL	M
1263	Elmar BROK	Germany	Christlich Demokratische Union Deutschlands	PPE	M
127330	Tania GONZÁLEZ PEÑAS	Spain	PODEMOS	GUE/NGL	F
128588	Linnéa ENGSTRÖM	Sweden	Miljöpartiet de gröna	Verts/ALE	F
128717	Sander LOONES	Belgium	Nieuw-Vlaamse Alliantie	ECR	M
129073	Urmas PAET	Estonia	Eesti Reformierakond	ALDE	M
129164	Tom VANDENKENDELAERE	Belgium	Christen-Democratisch & Vlaams	PPE	M
129256	Emilian PAVEL	Romania	Partidul Social Democrat	S&D	M
129407	Enrique CALVET CHAMBON	Spain	Independiente	ALDE	M
130100	Hilde VAUTMANS	Belgium	Open Vlaamse Liberalen en Democraten	ALDE	F
130833	Stelios KOULOGLOU	Greece	Coalition of the Radical Left	GUE/NGL	M
131051	Damiano ZOFFOLI	Italy	Partito Democratico	S&D	M
131507	Miguel URBÁN CRESPO	Spain	PODEMOS	GUE/NGL	M
131749	Estefanía TORRES MARTÍNEZ	Spain	PODEMOS	GUE/NGL	F
131750	Mihai ŢURCANU	Romania	Partidul Naţional Liberal	PPE	M
1318	James NICHOLSON	United Kingdom	Ulster Unionist Party	ECR	M
132366	Pirkko RUOHONEN-LERNER	Finland	Perussuomalaiset	ECR	F
132925	Edward CZESAK	Poland	Prawo i Sprawiedliwość	ECR	M
133316	Karoline GRASWANDER-HAINZ	Austria	Sozialdemokratische Partei Österreichs	S&D	F
133326	Stefano MAULLU	Italy	Forza Italia	PPE	M
134243	Jasenko SELIMOVIC	Sweden	Liberalerna	ALDE	M
1351	Miguel ARIAS CAÑETE	Spain	Partido Popular	PPE	M
135490	Xabier BENITO ZILUAGA	Spain	PODEMOS	GUE/NGL	M
135491	María Teresa GIMÉNEZ BARBAT	Spain	-	ALDE	F
135540	Czesław HOC	Poland	Prawo i Sprawiedliwość	ECR	M
135541	Sławomir KŁOSOWSKI	Poland	Prawo i Sprawiedliwość	ECR	M
136236	João PIMENTA LOPES	Portugal	Partido Comunista Português	GUE/NGL	M
1403	David MARTIN	United Kingdom	Labour Party	S&D	M
1473	Gérard DEPREZ	Belgium	Mouvement Réformateur	ALDE	M
1654	Emmanouil GLEZOS	Greece	Coalition of the Radical Left	GUE/NGL	M
183022	Lieve WIERINCK	Belgium	Open Vlaamse Liberalen en Democraten	ALDE	F
183338	Jakop DALUNDE	Sweden	Miljöpartiet de gröna	Verts/ALE	M
183793	Angelo CIOCCA	Italy	Lega Nord	ENF	M
1849	Sylvia-Yvonne KAUFMANN	Germany	Sozialdemokratische Partei Deutschlands	S&D	F
1852	Dieter-Lebrecht KOCH	Germany	Christlich Demokratische Union Deutschlands	PPE	M
185340	Ivica TOLIĆ	Croatia	Hrvatska demokratska zajednica	PPE	M
185341	Željana ZOVKO	Croatia	Hrvatska demokratska zajednica	PPE	F
1854	Constanze KREHL	Germany	Sozialdemokratische Partei Deutschlands	S&D	F
185619	Tiemo WÖLKEN	Germany	Sozialdemokratische Partei Deutschlands	S&D	M
185628	John PROCTER	United Kingdom	Conservative Party	ECR	M
185637	Alex MAYER	United Kingdom	Labour Party	S&D	F
185974	Jordi SOLÉ	Spain	Esquerra Republicana de Catalunya	Verts/ALE	M
186884	Arndt KOHN	Germany	Sozialdemokratische Partei Deutschlands	S&D	M
188254	Patricia LALONDE	France	Union des Démocrates et Indépendants	ALDE	F
188445	André ELISSEN	Netherlands	Partij voor de Vrijheid	ENF	M
188622	Rupert MATTHEWS	United Kingdom	Conservative Party	ECR	M
188623	John FLACK	United Kingdom	Conservative Party	ECR	M
188624	Wajid KHAN	United Kingdom	Labour Party	S&D	M
188636	John HOWARTH	United Kingdom	Labour Party	S&D	M
188718	Christelle LECHEVALIER	France	Rassemblement national	ENF	F
188721	Marie-Pierre VIEU	France	Front de Gauche	GUE/NGL	F
188733	Jonathan BULLOCK	United Kingdom	United Kingdom Independence Party	EFDD	M
188906	Francis ZAMMIT DIMECH	Malta	Partit Nazzjonalista	PPE	M
188945	Dennis RADTKE	Germany	Christlich Demokratische Union Deutschlands	PPE	M
189065	France JAMET	France	Rassemblement national	ENF	F
1892	Carlos COELHO	Portugal	Partido Social Democrata	PPE	M
189391	Baroness Nosheena MOBARIK	United Kingdom	Conservative Party	ECR	F
189490	Răzvan POPA	Romania	Partidul Social Democrat	S&D	M
189507	Jiří PAYNE	Czech Republic	Strana svobodných občanů	EFDD	M
189525	Asim ADEMOV	Bulgaria	Citizens for European Development of Bulgaria	PPE	M
190099	Rory PALMER	United Kingdom	Labour Party	S&D	M
190464	Thomas WAITZ	Austria	Die Grünen - Die Grüne Alternative	Verts/ALE	M
190517	Martin SCHIRDEWAN	Germany	DIE LINKE.	GUE/NGL	M
190518	Jörg MEUTHEN	Germany	Alternative für Deutschland	EFDD	M
190519	Caroline NAGTEGAAL	Netherlands	Volkspartij voor Vrijheid en Democratie	ALDE	F
190713	Lukas MANDL	Austria	Österreichische Volkspartei	PPE	M
190774	Geoffroy DIDIER	France	Les Républicains	PPE	M
190799	Michael DETJEN	Germany	Sozialdemokratische Partei Deutschlands	S&D	M
1909	Bernd LANGE	Germany	Sozialdemokratische Partei Deutschlands	S&D	M
1911	Martin SCHULZ	Germany	Sozialdemokratische Partei Deutschlands	S&D	M
1913	Evelyne GEBHARDT	Germany	Sozialdemokratische Partei Deutschlands	S&D	F
191377	Maria Gabriela ZOANĂ	Romania	Partidul Social Democrat	S&D	F
191510	Jacques COLOMBIER	France	Rassemblement national	ENF	M
191693	Elsi KATAINEN	Finland	Suomen Keskusta	ALDE	F
191695	Miroslavs MITROFANOVS	Latvia	Latvijas Krievu savienība	Verts/ALE	M
1917	Markus FERBER	Germany	Christlich-Soziale Union in Bayern e.V.	PPE	M
1922	Thomas MANN	Germany	Christlich Demokratische Union Deutschlands	PPE	M
192298	Dobromir SOŚNIERZ	Poland	Wolność	NI	M
192465	Aleksander GABELIC	Sweden	Arbetarepartiet- Socialdemokraterna	S&D	
192634	Giuseppe FERRANDINO	Italy	Partito Democratico	S&D	
192635	Danilo Oscar LANCINI	Italy	Lega Nord	ENF	
1927	Peter LIESE	Germany	Christlich Demokratische Union Deutschlands	PPE	M
1928	Werner LANGEN	Germany	Christlich Demokratische Union Deutschlands	PPE	M
193080	Karine GLOANEC MAURIN	France	Parti socialiste	S&D	
193269	Mirja VEHKAPERÄ	Finland	Suomen Keskusta	ALDE	
193273	Romeo FRANZ	Germany	Bündnis 90/Die Grünen	Verts/ALE	
193292	Tilly METZ	Luxembourg	Déi Gréng - Les Verts	Verts/ALE	
193419	Christophe HANSEN	Luxembourg	Parti chrétien social luxembourgeois	PPE	
193879	Igor GRÄZIN	Estonia	Eesti Reformierakond	ALDE	
194391	Stefan GEHROLD	Germany	Christlich Demokratische Union Deutschlands	PPE	
1946	Annemie NEYTS-UYTTEBROECK	Belgium	Open Vlaamse Liberalen en Democraten	ALDE	
1985	Pervenche BERÈS	France	Parti socialiste	S&D	F
2002	José Ignacio SALAFRANCA SÁNCHEZ-NEYRA	Spain	Partido Popular	PPE	M
2025	Françoise GROSSETÊTE	France	Les Républicains	PPE	F
2054	Heidi HAUTALA	Finland	Vihreä liitto	Verts/ALE	F
2073	Richard HOWITT	United Kingdom	Labour Party	S&D	M
2119	Olli REHN	Finland	Suomen Keskusta	ALDE	M
2128	Paavo VÄYRYNEN	Finland	Suomen Keskusta	ALDE	M
21331	Sylvie GODDYN	France	Rassemblement national	ENF	F
21817	Mario BORGHEZIO	Italy	Lega Nord	NI	M
2187	Antonio TAJANI	Italy	Forza Italia	PPE	M
21918	Manuel dos SANTOS	Portugal	Partido Socialista	S&D	M
22418	Esther HERRANZ GARCÍA	Spain	Partido Popular	PPE	F
2278	Paul RÜBIG	Austria	Österreichische Volkspartei	PPE	M
2309	Richard CORBETT	United Kingdom	Labour Party	S&D	M
2323	Rainer WIELAND	Germany	Christlich Demokratische Union Deutschlands	PPE	M
2327	Linda McAVAN	United Kingdom	Labour Party	S&D	F
2338	Ian HUDGHTON	United Kingdom	Scottish National Party	Verts/ALE	M
2341	Michael GAHLER	Germany	Christlich Demokratische Union Deutschlands	PPE	M
23693	Alojz PETERLE	Slovenia	Nova Slovenija – Krščanski demokrati	PPE	M
23699	Kateřina KONEČNÁ	Czech Republic	Komunistická strana Čech a Moravy	GUE/NGL	F
23704	Jiří MAŠTÁLKA	Czech Republic	Komunistická strana Čech a Moravy	GUE/NGL	M
23706	Miloslav RANSDORF	Czech Republic	Komunistická strana Čech a Moravy	GUE/NGL	M
23712	Jan ZAHRADIL	Czech Republic	Občanská demokratická strana	ECR	M
23746	Vytautas LANDSBERGIS	Lithuania	Tėvynės sąjunga - Lietuvos krikščionys demokratai	PPE	M
23768	Bogusław LIBERADZKI	Poland	Sojusz Lewicy Demokratycznej	S&D	M
23781	Janusz LEWANDOWSKI	Poland	Platforma Obywatelska	PPE	M
23784	Janusz WOJCIECHOWSKI	Poland	Prawo i Sprawiedliwość	ECR	M
23785	Andrzej GRZYB	Poland	Polskie Stronnictwo Ludowe	PPE	M
23787	Czesław Adam SIEKIERSKI	Poland	Polskie Stronnictwo Ludowe	PPE	M
23791	Kazimierz Michał UJAZDOWSKI	Poland	Independent	ECR	M
23816	András GYÜRK	Hungary	Fidesz-Magyar Polgári Szövetség-Kereszténydemokrata Néppárt	PPE	M
23821	József SZÁJER	Hungary	Fidesz-Magyar Polgári Szövetség-Kereszténydemokrata Néppárt	PPE	M
23868	Monika BEŇOVÁ	Slovakia	SMER-Sociálna demokracia	S&D	F
23894	Anna ZÁBORSKÁ	Slovakia	Kresťanskodemokratické hnutie	PPE	F
24505	Emmanuel MAUREL	France	Parti socialiste	S&D	M
24594	Anne SANDER	France	Les Républicains	PPE	F
24922	Pascal ARIMONT	Belgium	Christlich Soziale Partei	PPE	M
24942	Ana MIRANDA	Spain	Bloque Nacionalista Galego	GUE/NGL	F
25704	Eleni THEOCHAROUS	Cyprus	Independent	PPE	F
26146	Florent MARCELLESI	Spain	EQUO	Verts/ALE	M
26837	Lefteris CHRISTOFOROU	Cyprus	Democratic Rally	PPE	M
26851	Nikolaos CHOUNTIS	Greece	Popular Unity	GUE/NGL	M
28115	Mairead McGUINNESS	Ireland	Fine Gael Party	PPE	F
28116	Marian HARKIN	Ireland	Independent	ALDE	F
28122	David CASA	Malta	Partit Nazzjonalista	PPE	M
28124	Gunnar HÖKMARK	Sweden	Moderaterna	PPE	M
28126	Christofer FJELLNER	Sweden	Moderaterna	PPE	M
28131	Anna HEDH	Sweden	Arbetarepartiet- Socialdemokraterna	S&D	F
28132	Richard ASHWORTH	United Kingdom	Conservative Party	ECR	M
28135	György SCHÖPFLIN	Hungary	Fidesz-Magyar Polgári Szövetség-Kereszténydemokrata Néppárt	PPE	M
28141	Lívia JÁRÓKA	Hungary	Fidesz-Magyar Polgári Szövetség-Kereszténydemokrata Néppárt	PPE	F
28150	Kinga GÁL	Hungary	Fidesz-Magyar Polgári Szövetség-Kereszténydemokrata Néppárt	PPE	F
28154	Ole CHRISTENSEN	Denmark	Socialdemokratiet	S&D	M
28161	Margrete AUKEN	Denmark	Socialistisk Folkeparti	Verts/ALE	F
28165	Lambert van NISTELROOIJ	Netherlands	Christen Democratisch Appèl	PPE	M
28166	Vincent PEILLON	France	Parti socialiste	S&D	M
28178	Miroslav MIKOLÁŠIK	Slovakia	Kresťanskodemokratické hnutie	PPE	M
28192	Vladimír MAŇKA	Slovakia	SMER-Sociálna demokracia	S&D	M
28206	Jean-Marie CAVADA	France	Génération Citoyens	ALDE	M
28208	Nathalie GRIESBECK	France	Mouvement Démocrate	ALDE	F
28210	Marine LE PEN	France	Front national	NI	F
28219	Daniel CASPARY	Germany	Christlich Demokratische Union Deutschlands	PPE	M
28220	Ingeborg GRÄSSLE	Germany	Christlich Demokratische Union Deutschlands	PPE	F
28223	Andreas SCHWAB	Germany	Christlich Demokratische Union Deutschlands	PPE	M
28224	Markus PIEPER	Germany	Christlich Demokratische Union Deutschlands	PPE	M
28225	Herbert REUL	Germany	Christlich Demokratische Union Deutschlands	PPE	M
28226	Christian EHLER	Germany	Christlich Demokratische Union Deutschlands	PPE	M
28228	Albert DESS	Germany	Christlich-Soziale Union in Bayern e.V.	PPE	M
28229	Manfred WEBER	Germany	Christlich-Soziale Union in Bayern e.V.	PPE	M
28233	Rebecca HARMS	Germany	Bündnis 90/Die Grünen	Verts/ALE	F
28238	Michael CRAMER	Germany	Bündnis 90/Die Grünen	Verts/ALE	M
28240	Helga TRÜPEL	Germany	Bündnis 90/Die Grünen	Verts/ALE	F
28242	Alexander Graf LAMBSDORFF	Germany	Freie Demokratische Partei	ALDE	M
28244	Wolf KLINZ	Germany	Freie Demokratische Partei	ALDE	M
28248	Gabriele ZIMMER	Germany	DIE LINKE.	GUE/NGL	F
28251	Jörg LEICHTFRIED	Austria	Sozialdemokratische Partei Österreichs	S&D	M
28257	Ivo BELET	Belgium	Christen-Democratisch & Vlaams	PPE	M
28266	Sophia in 't VELD	Netherlands	Democraten 66	ALDE	F
28269	Jerzy BUZEK	Poland	Platforma Obywatelska	PPE	M
28276	Laima Liucija ANDRIKIENĖ	Lithuania	Tėvynės sąjunga-Lietuvos krikščionys demokratai	PPE	F
28284	Barbara KUDRYCKA	Poland	Platforma Obywatelska	PPE	F
28288	Jan OLBRYCHT	Poland	Platforma Obywatelska	PPE	M
28292	Inés AYALA SENDER	Spain	Partido Socialista Obrero Español	S&D	F
28297	Jacek SARYUSZ-WOLSKI	Poland	Bezpartyjny	NI	M
28298	Iratxe GARCÍA PÉREZ	Spain	Partido Socialista Obrero Español	S&D	F
28301	Tadeusz ZWIEFKA	Poland	Platforma Obywatelska	PPE	M
28306	Ana GOMES	Portugal	Partido Socialista	S&D	F
28307	Francisco ASSIS	Portugal	Partido Socialista	S&D	M
28308	Elisa FERREIRA	Portugal	Partido Socialista	S&D	F
28314	Anneli JÄÄTTEENMÄKI	Finland	Suomen Keskusta	ALDE	F
28316	Hannu TAKKULA	Finland	Suomen Keskusta	ALDE	M
28331	Jaromír KOHLÍČEK	Czech Republic	Komunistická strana Čech a Moravy	GUE/NGL	M
28334	Urszula KRUPA	Poland	Independent	ECR	F
28340	Patrizia TOIA	Italy	Partito Democratico	S&D	F
28341	Mirosław PIOTROWSKI	Poland	Niezależny	ECR	M
28346	Mercedes BRESSO	Italy	Partito Democratico	S&D	F
28353	Anna Elżbieta FOTYGA	Poland	Prawo i Sprawiedliwość	ECR	F
28365	Pier Antonio PANZERI	Italy	Articolo UNO – Movimento Democratico e Progressista	S&D	M
28372	Ryszard CZARNECKI	Poland	Prawo i Sprawiedliwość	ECR	M
28377	Lidia Joanna GERINGER de OEDENBERG	Poland	Bezpartyjna	S&D	F
28379	Adam GIEREK	Poland	Unia Pracy	S&D	M
28389	Zbigniew KUŹMIUK	Poland	Prawo i Sprawiedliwość	ECR	M
28390	Pilar del CASTILLO VERA	Spain	Partido Popular	PPE	F
28393	Luis de GRANDES PASCUAL	Spain	Partido Popular	PPE	M
28394	Dariusz ROSATI	Poland	Platforma Obywatelska	PPE	M
28397	Agustín DÍAZ DE MERA GARCÍA CONSUEGRA	Spain	Partido Popular	PPE	M
28398	Carlos ITURGAIZ	Spain	Partido Popular	PPE	M
28399	Antonio LÓPEZ-ISTÚRIZ WHITE	Spain	Partido Popular	PPE	M
28400	Francisco José MILLÁN MON	Spain	Partido Popular	PPE	M
28404	Matteo SALVINI	Italy	Lega Nord	NI	M
28424	Tunne KELAM	Estonia	Isamaa	PPE	M
28429	Alessandra MUSSOLINI	Italy	Independent	PPE	F
28451	Lorenzo CESA	Italy	Unione di Centro	PPE	M
28481	Sajjad KARIM	United Kingdom	Conservative Party	ECR	M
28497	Gerard BATTEN	United Kingdom	United Kingdom Independence Party	EFDD	M
28508	Alyn SMITH	United Kingdom	Scottish National Party	Verts/ALE	M
28586	Dimitrios PAPADIMOULIS	Greece	Coalition of the Radical Left	GUE/NGL	M
28615	Roberts ZĪLE	Latvia	"Nacionālā apvienība ""Visu Latvijai!""-""Tēvzemei un Brīvībai/LNNK"""	ECR	M
28617	Inese VAIDERE	Latvia	"Partija ""VIENOTĪBA"""	PPE	F
28618	Valdis DOMBROVSKIS	Latvia	"Partija ""VIENOTĪBA"""	PPE	M
28619	Tatjana ŽDANOKA	Latvia	Latvijas Krievu savienība	Verts/ALE	F
29579	Marc TARABELLA	Belgium	Parti Socialiste	S&D	M
30190	Louis ALIOT	France	Front national	NI	M
30482	Younous OMARJEE	France	L'union pour les Outremer	GUE/NGL	M
33569	Syed KAMALL	United Kingdom	Conservative Party	ECR	M
33982	Marian-Jean MARINESCU	Romania	Partidul Naţional Liberal	PPE	M
33984	Ioan Mircea PAŞCU	Romania	Partidul Social Democrat	S&D	M
33989	Daciana Octavia SÂRBU	Romania	Independent	S&D	F
33997	Corina CREȚU	Romania	Partidul Social Democrat	S&D	F
34249	Filiz HYUSMENOVA	Bulgaria	Movement for Rights and Freedoms	ALDE	F
34250	Nedzhmi ALI	Bulgaria	Movement for Rights and Freedoms	ALDE	M
34728	Matthias GROOTE	Germany	Sozialdemokratische Partei Deutschlands	S&D	M
35135	Daniel DALTON	United Kingdom	Conservative Party	ECR	M
35743	Dame Glenis WILLMOTT	United Kingdom	Labour Party	S&D	F
36392	Aldo PATRICIELLO	Italy	Forza Italia	PPE	M
37229	Kati PIRI	Netherlands	Partij van de Arbeid	S&D	F
37312	Christel SCHALDEMOSE	Denmark	Socialdemokratiet	S&D	F
37324	Adina-Ioana VĂLEAN	Romania	Partidul Naţional Liberal	PPE	F
37448	Eduard-Raul HELLVIG	Romania	Partidul Naţional Liberal	PPE	M
38398	Esther de LANGE	Netherlands	Christen Democratisch Appèl	PPE	F
38420	Cristian-Silviu BUŞOI	Romania	Partidul Naţional Liberal	PPE	M
38511	Georg MAYER	Austria	Freiheitliche Partei Österreichs	NI	M
38596	Elisabeth MORIN-CHARTIER	France	Indépendant	PPE	F
38601	Vladimir URUTCHEV	Bulgaria	Citizens for European Development of Bulgaria	PPE	M
38605	Iliana IOTOVA	Bulgaria	Bulgarian Socialist Party	S&D	F
39711	Victor BOŞTINARU	Romania	Partidul Social Democrat	S&D	M
39713	Renate WEBER	Romania	ALDE Romania	ALDE	F
39717	Ramona Nicole MĂNESCU	Romania	-	PPE	F
39721	Theodor Dumitru STOLOJAN	Romania	Partidul Naţional Liberal	PPE	M
39724	Csaba SÓGOR	Romania	Uniunea Democrată Maghiară din România	PPE	M
39725	Iuliu WINKLER	Romania	Uniunea Democrată Maghiară din România	PPE	M
39726	László TŐKÉS	Hungary	Fidesz-Magyar Polgári Szövetség-Kereszténydemokrata Néppárt	PPE	M
40224	Andi CRISTEA	Romania	Partidul Social Democrat	S&D	M
40599	Sirpa PIETIKÄINEN	Finland	Kansallinen Kokoomus	PPE	F
4246	Othmar KARAS	Austria	Österreichische Volkspartei	PPE	M
4253	Frédérique RIES	Belgium	Mouvement Réformateur	ALDE	F
4262	Jo LEINEN	Germany	Sozialdemokratische Partei Deutschlands	S&D	M
4267	Udo BULLMANN	Germany	Sozialdemokratische Partei Deutschlands	S&D	M
4270	Marit PAULSEN	Sweden	Liberalerna	ALDE	F
4274	Olle SCHMIDT	Sweden	Folkpartiet liberalerna	ALDE	M
4275	Hans-Peter MAYER	Germany	Christlich Demokratische Union Deutschlands	PPE	M
4282	Renate SOMMER	Germany	Christlich Demokratische Union Deutschlands	PPE	F
4289	Angelika NIEBLER	Germany	Christlich-Soziale Union in Bayern e.V.	PPE	F
4319	Pilar AYUSO	Spain	Partido Popular	PPE	F
4334	Elena VALENCIANO	Spain	Partido Socialista Obrero Español	S&D	F
4335	Marielle de SARNEZ	France	Mouvement Démocrate	ALDE	F
4338	Thierry CORNILLET	France	Mouvement Radical	ALDE	M
4345	Tokia SAÏFI	France	Agir - La Droite constructive	PPE	F
4432	Claude TURMES	Luxembourg	Déi Gréng - Les Verts	Verts/ALE	M
4436	Gianni PITTELLA	Italy	Partito Democratico	S&D	M
4465	Raffaele FITTO	Italy	Conservatori e Riformisti	ECR	M
4507	Bas BELDER	Netherlands	Staatkundig Gereformeerde Partij	ECR	M
4513	Geoffrey VAN ORDEN	United Kingdom	Conservative Party	ECR	M
4516	Roger HELMER	United Kingdom	United Kingdom Independence Party	EFDD	M
4519	Claude MORAES	United Kingdom	Labour Party	S&D	M
4521	Charles TANNOCK	United Kingdom	Conservative Party	ECR	M
4525	Nigel FARAGE	United Kingdom	United Kingdom Independence Party	EFDD	M
4531	Jean LAMBERT	United Kingdom	Green Party	Verts/ALE	F
4533	Neena GILL	United Kingdom	Labour Party	S&D	F
4542	Timothy KIRKHOPE	United Kingdom	Conservative Party	ECR	M
4545	Catherine STIHLER	United Kingdom	Labour Party	S&D	F
4550	Jill EVANS	United Kingdom	Plaid Cymru - Party of Wales	Verts/ALE	F
4553	Jacqueline FOSTER	United Kingdom	Conservative Party	ECR	F
4555	Daniel HANNAN	United Kingdom	Conservative Party	ECR	M
4556	Nirj DEVA	United Kingdom	Conservative Party	ECR	M
4751	Bart STAES	Belgium	Groen	Verts/ALE	M
5565	Brice HORTEFEUX	France	Les Républicains	PPE	M
5729	Kathleen VAN BREMPT	Belgium	Socialistische Partij.Anders	S&D	F
5846	Mary HONEYBALL	United Kingdom	Labour Party	S&D	F
58758	Elisabetta GARDINI	Italy	Forza Italia	PPE	F
58789	Jan HUITEMA	Netherlands	Volkspartij voor Vrijheid en Democratie	ALDE	M
72754	Innocenzo LEONTINI	Italy	Forza Italia	PPE	M
72775	Rachida DATI	France	Les Républicains	PPE	F
72779	Nadine MORANO	France	Les Républicains	PPE	F
840	Charles GOERENS	Luxembourg	Parti démocratique	ALDE	M
84175	Petr MACH	Czech Republic	Strana svobodných občanů	EFDD	M
88882	Victor NEGRESCU	Romania	Partidul Social Democrat	S&D	M
90110	Carolina PUNSET	Spain	Ciudadanos – Partido de la Ciudadanía	ALDE	F
93624	Ulrike RODUST	Germany	Sozialdemokratische Partei Deutschlands	S&D	F
94282	Jean-Paul DENANOT	France	Parti socialiste	S&D	M
95074	Jeroen LENAERS	Netherlands	Christen Democratisch Appèl	PPE	M
95281	Viorica DĂNCILĂ	Romania	Partidul Social Democrat	S&D	F
96272	Pavel SVOBODA	Czech Republic	Křesťanská a demokratická unie - Československá strana lidová	PPE	M
96603	Nessa CHILDERS	Ireland	Independent	S&D	F
96646	Helmut SCHOLZ	Germany	DIE LINKE.	GUE/NGL	M
96648	Philippe LAMBERTS	Belgium	Ecologistes Confédérés pour l'Organisation de Luttes Originales	Verts/ALE	M
96651	Eduard KUKAN	Slovakia	Independent	PPE	M
96655	Monika SMOLKOVÁ	Slovakia	SMER-Sociálna demokracia	S&D	F
96656	Boris ZALA	Slovakia	SMER-Sociálna demokracia	S&D	M
96661	Krisztina MORVAI	Hungary	-	NI	F
96663	Morten MESSERSCHMIDT	Denmark	Dansk Folkeparti	ECR	M
96668	Seán KELLY	Ireland	Fine Gael Party	PPE	M
96670	Louis MICHEL	Belgium	Mouvement Réformateur	ALDE	M
96672	Marita ULVSKOG	Sweden	Arbetarepartiet- Socialdemokraterna	S&D	F
96673	Olle LUDVIGSSON	Sweden	Arbetarepartiet- Socialdemokraterna	S&D	M
96674	Anna Maria CORAZZA BILDT	Sweden	Moderaterna	PPE	F
96676	Christian ENGSTRÖM	Sweden	Piratpartiet	Verts/ALE	M
96677	Cecilia WIKSTRÖM	Sweden	Liberalerna	ALDE	F
96680	Zigmantas BALČYTIS	Lithuania	Lietuvos socialdemokratų partija	S&D	M
96681	Vilija BLINKEVIČIŪTĖ	Lithuania	Lietuvos socialdemokratų partija	S&D	F
96684	Liisa JAAKONSAARI	Finland	Suomen Sosialidemokraattinen Puolue/Finlands Socialdemokratiska Parti	S&D	F
96694	Rolandas PAKSAS	Lithuania	Partija Tvarka ir teisingumas	EFDD	M
96696	Algirdas SAUDARGAS	Lithuania	Tėvynės sąjunga-Lietuvos krikščionys demokratai	PPE	M
96697	Valdemar TOMAŠEVSKI	Lithuania	Lietuvos lenkų rinkimų akcija – Krikščioniškų šeimų sąjunga	ECR	M
96698	Viktor USPASKICH	Lithuania	Darbo partija	ALDE	M
96705	Bendt BENDTSEN	Denmark	Det Konservative Folkeparti	PPE	M
96706	João FERREIRA	Portugal	Partido Comunista Português	GUE/NGL	M
96709	Morten LØKKEGAARD	Denmark	Venstre, Danmarks Liberale Parti	ALDE	M
96710	Jens ROHDE	Denmark	Det Radikale Venstre	ALDE	M
96713	Evžen TOŠENOVSKÝ	Czech Republic	Občanská demokratická strana	ECR	M
96715	Pavel POC	Czech Republic	Česká strana sociálně demokratická	S&D	M
96718	Olga SEHNALOVÁ	Czech Republic	Česká strana sociálně demokratická	S&D	F
96725	Bas EICKHOUT	Netherlands	GroenLinks	Verts/ALE	M
96728	Barbara LOCHBIHLER	Germany	Bündnis 90/Die Grünen	Verts/ALE	F
96729	Santiago FISAS AYXELÀ	Spain	Partido Popular	PPE	M
96730	Sven GIEGOLD	Germany	Bündnis 90/Die Grünen	Verts/ALE	M
96734	Ska KELLER	Germany	Bündnis 90/Die Grünen	Verts/ALE	F
96735	Patrick LE HYARIC	France	Front de Gauche	GUE/NGL	M
96736	Jan Philipp ALBRECHT	Germany	Bündnis 90/Die Grünen	Verts/ALE	M
96739	Reinhard BÜTIKOFER	Germany	Bündnis 90/Die Grünen	Verts/ALE	M
96740	Yannick JADOT	France	Europe Écologie	Verts/ALE	M
96742	Jean-Luc MÉLENCHON	France	Front de Gauche	GUE/NGL	M
96743	Michèle RIVASI	France	Europe Écologie	Verts/ALE	F
96744	José BOVÉ	France	Europe Écologie	Verts/ALE	M
96747	Arnaud DANJEAN	France	Les Républicains	PPE	M
96748	Dennis de JONG	Netherlands	Socialistische Partij	GUE/NGL	M
96751	Nick GRIFFIN	United Kingdom	British National Party	NI	M
96752	Martin HÄUSLING	Germany	Bündnis 90/Die Grünen	Verts/ALE	M
96754	Wim van de CAMP	Netherlands	Christen Democratisch Appèl	PPE	M
96756	Sabine VERHEYEN	Germany	Christlich Demokratische Union Deutschlands	PPE	F
96761	Axel VOSS	Germany	Christlich Demokratische Union Deutschlands	PPE	M
96762	Joachim ZELLER	Germany	Christlich Demokratische Union Deutschlands	PPE	M
96763	Pablo ZALBA BIDEGAIN	Spain	Partido Popular	PPE	M
96764	Hermann WINKLER	Germany	Christlich Demokratische Union Deutschlands	PPE	M
96765	Verónica LOPE FONTAGNÉ	Spain	Partido Popular	PPE	F
96767	Werner KUHN	Germany	Christlich Demokratische Union Deutschlands	PPE	M
96768	Enrique GUERRERO SALOM	Spain	Partido Socialista Obrero Español	S&D	M
96771	Jarosław KALINOWSKI	Poland	Polskie Stronnictwo Ludowe	PPE	M
96772	Peter JAHR	Germany	Christlich Demokratische Union Deutschlands	PPE	M
96774	Jarosław WAŁĘSA	Poland	Platforma Obywatelska	PPE	M
96775	Lara COMI	Italy	Forza Italia	PPE	F
96776	Róża Gräfin von THUN UND HOHENSTEIN	Poland	Platforma Obywatelska	PPE	F
96779	Danuta Maria HÜBNER	Poland	Platforma Obywatelska	PPE	F
96780	Monika HOHLMEIER	Germany	Christlich-Soziale Union in Bayern e.V.	PPE	F
96781	Danuta JAZŁOWIECKA	Poland	Platforma Obywatelska	PPE	F
96784	Janusz ZEMKE	Poland	Sojusz Lewicy Demokratycznej - Unia Pracy	S&D	M
96787	Herbert DORFMANN	Italy	Südtiroler Volkspartei	PPE	M
96790	Marek Józef GRÓBARCZYK	Poland	Prawo i Sprawiedliwość	ECR	M
96791	Elżbieta Katarzyna ŁUKACIJEWSKA	Poland	Platforma Obywatelska	PPE	F
96796	Ryszard Antoni LEGUTKO	Poland	Prawo i Sprawiedliwość	ECR	M
96801	Tomasz Piotr PORĘBA	Poland	Prawo i Sprawiedliwość	ECR	M
96805	Paul NUTTALL	United Kingdom	United Kingdom Independence Party	EFDD	M
96806	Teresa JIMÉNEZ-BECERRIL BARRIO	Spain	Partido Popular	PPE	F
96809	Peter van DALEN	Netherlands	ChristenUnie	ECR	M
96811	Rosa ESTARÀS FERRAGUT	Spain	Partido Popular	PPE	F
96812	Juan Fernando LÓPEZ AGUILAR	Spain	Partido Socialista Obrero Español	S&D	M
96813	Barbara MATERA	Italy	Forza Italia	PPE	F
96815	Judith SARGENTINI	Netherlands	GroenLinks	Verts/ALE	F
96816	Giovanni LA VIA	Italy	Alternativa Popolare	PPE	M
96820	Marisa MATIAS	Portugal	Bloco de Esquerda	GUE/NGL	F
96824	Monica MACOVEI	Romania	Independent	PPE	F
96825	Norica NICOLAI	Romania	ALDE Romania	ALDE	F
96826	Tamás DEUTSCH	Hungary	Fidesz-Magyar Polgári Szövetség-Kereszténydemokrata Néppárt	PPE	M
96829	Ádám KÓSA	Hungary	Fidesz-Magyar Polgári Szövetség-Kereszténydemokrata Néppárt	PPE	M
96831	Jutta STEINRUCK	Germany	Sozialdemokratische Partei Deutschlands	S&D	F
96833	Jens GEIER	Germany	Sozialdemokratische Partei Deutschlands	S&D	M
96835	Traian UNGUREANU	Romania	Partidul Naţional Liberal	PPE	M
96836	Peter SIMON	Germany	Sozialdemokratische Partei Deutschlands	S&D	M
96837	Petra KAMMEREVERT	Germany	Sozialdemokratische Partei Deutschlands	S&D	F
96838	Cristian Dan PREDA	Romania	Independent	PPE	M
96839	Kerstin WESTPHAL	Germany	Sozialdemokratische Partei Deutschlands	S&D	F
96840	Knut FLECKENSTEIN	Germany	Sozialdemokratische Partei Deutschlands	S&D	M
96842	Ismail ERTUG	Germany	Sozialdemokratische Partei Deutschlands	S&D	M
96844	Norbert NEUSER	Germany	Sozialdemokratische Partei Deutschlands	S&D	M
96847	Claudiu Ciprian TĂNĂSESCU	Romania	Partidul Social Democrat	S&D	M
96848	Mariya GABRIEL	Bulgaria	Citizens for European Development of Bulgaria	PPE	F
96849	Alain CADEC	France	Les Républicains	PPE	M
96851	Thomas HÄNDEL	Germany	DIE LINKE.	GUE/NGL	M
96852	Cornelia ERNST	Germany	DIE LINKE.	GUE/NGL	F
96854	Sabine LÖSING	Germany	DIE LINKE.	GUE/NGL	F
96857	Cătălin Sorin IVAN	Romania	Independent	NI	M
96858	Marie-Christine VERGIAT	France	Front de Gauche	GUE/NGL	F
96864	David-Maria SASSOLI	Italy	Partito Democratico	S&D	M
96868	Karima DELLI	France	Europe Écologie	Verts/ALE	F
96870	Gesine MEISSNER	Germany	Freie Demokratische Partei	ALDE	F
96871	Michael THEURER	Germany	Freie Demokratische Partei	ALDE	M
96872	Nadja HIRSCH	Germany	Freie Demokratische Partei	ALDE	F
96876	Frank ENGEL	Luxembourg	Parti chrétien social luxembourgeois	PPE	M
96877	Zoltán BALCZÓ	Hungary	Jobbik Magyarországért Mozgalom	NI	M
96880	Andrea COZZOLINO	Italy	Partito Democratico	S&D	M
96882	Elisabeth KÖSTINGER	Austria	Österreichische Volkspartei	PPE	F
96883	Eva JOLY	France	Europe Écologie	Verts/ALE	F
96884	Philippe JUVIN	France	Les Républicains	PPE	M
96885	Dominique RIQUET	France	Mouvement Radical Social-Libéral	ALDE	M
96891	Paolo DE CASTRO	Italy	Partito Democratico	S&D	M
96892	Roberto GUALTIERI	Italy	Partito Democratico	S&D	M
96897	John Stuart AGNEW	United Kingdom	United Kingdom Independence Party	EFDD	M
96899	José Manuel FERNANDES	Portugal	Partido Social Democrata	PPE	M
96901	Krišjānis KARIŅŠ	Latvia	"Partija ""VIENOTĪBA"""	PPE	M
96903	Paulo RANGEL	Portugal	Partido Social Democrata	PPE	M
96907	Takis HADJIGEORGIOU	Cyprus	Progressive Party of Working People - Left - New Forces	GUE/NGL	M
96911	Tanja FAJON	Slovenia	Socialni demokrati	S&D	F
96912	David CAMPBELL BANNERMAN	United Kingdom	Conservative Party	ECR	M
96914	Anne DELVAUX	Belgium	Centre Démocrate Humaniste	PPE	F
96915	Sergio Gaetano COFFERATI	Italy	Sinistra Italiana	S&D	M
96917	Silvia COSTA	Italy	Partito Democratico	S&D	F
96918	Derek VAUGHAN	United Kingdom	Labour Party	S&D	M
96919	Emma McCLARKIN	United Kingdom	Conservative Party	ECR	F
96920	Kay SWINBURNE	United Kingdom	Conservative Party	ECR	F
96922	Izaskun BILBAO BARANDICA	Spain	Partido Nacionalista Vasco	ALDE	F
96931	Maurice PONGA	France	Les Républicains	PPE	M
96932	Birgit SIPPEL	Germany	Sozialdemokratische Partei Deutschlands	S&D	F
96933	Milan ZVER	Slovenia	Slovenska demokratska stranka	PPE	M
96934	Sandra KALNIETE	Latvia	"Partija ""VIENOTĪBA"""	PPE	F
96936	Gabriel MATO	Spain	Partido Popular	PPE	M
96937	Johannes Cornelis van BAALEN	Netherlands	Volkspartij voor Vrijheid en Democratie	ALDE	M
96940	Gerben-Jan GERBRANDY	Netherlands	Democraten 66	ALDE	M
96945	Marietje SCHAAKE	Netherlands	Democraten 66	ALDE	F
96948	Gilles PARGNEAUX	France	Parti socialiste	S&D	M
96949	Vicky FORD	United Kingdom	Conservative Party	ECR	F
96951	Diane DODDS	United Kingdom	Democratic Unionist Party	NI	F
96952	Sylvie GUILLAUME	France	Parti socialiste	S&D	F
96955	Catherine BEARDER	United Kingdom	Liberal Democrats	ALDE	F
96956	Julie GIRLING	United Kingdom	Conservative Party	ECR	F
96957	Ashley FOX	United Kingdom	Conservative Party	ECR	M
96958	William (The Earl of) DARTMOUTH	United Kingdom	United Kingdom Independence Party	EFDD	M
96978	Nuno MELO	Portugal	Partido Popular	PPE	M
96981	Franz OBERMAYR	Austria	Freiheitliche Partei Österreichs	NI	M
96991	Eider GARDIAZABAL RUBIAL	Spain	Partido Socialista Obrero Español	S&D	F
96993	Lorenzo FONTANA	Italy	Lega Nord	NI	M
96996	Giancarlo SCOTTÀ	Italy	Lega Nord	ENF	M
96997	Burkhard BALZ	Germany	Christlich Demokratische Union Deutschlands	PPE	M
96998	Evelyn REGNER	Austria	Sozialdemokratische Partei Österreichs	S&D	F
97014	Karin KADENBACH	Austria	Sozialdemokratische Partei Österreichs	S&D	F
97017	Ulrike LUNACEK	Austria	Die Grünen - Die Grüne Alternative	Verts/ALE	F
97019	Ivo VAJGL	Slovenia	DeSUS - Demokratična Stranka Upokojencev Slovenije	ALDE	M
97022	Robert ROCHEFORT	France	Mouvement Démocrate	ALDE	M
97025	Ivari PADAR	Estonia	Sotsiaaldemokraatlik Erakond	S&D	M
97058	Guy VERHOFSTADT	Belgium	Open Vlaamse Liberalen en Democraten	ALDE	M
97078	Ramón JÁUREGUI ATONDO	Spain	Partido Socialista Obrero Español	S&D	M
97136	Indrek TARAND	Estonia	Sõltumatu	Verts/ALE	M
97137	Sylvie GOULARD	France	La République en marche	ALDE	F
97198	Mara BIZZOTTO	Italy	Lega Nord	NI	F
97203	Ramon TREMOSA i BALCELLS	Spain	Partit Demòcrata Europeu i Català	ALDE	M
97293	Georges BACH	Luxembourg	Parti chrétien social luxembourgeois	PPE	M
97296	Michel DANTIN	France	Les Républicains	PPE	M
97513	Vicky MAEIJER	Netherlands	Partij voor de Vrijheid	NI	F
97968	Andrey KOVATCHEV	Bulgaria	Citizens for European Development of Bulgaria	PPE	M
98341	Eva MAYDELL	Bulgaria	Citizens for European Development of Bulgaria	PPE	F
99650	Tim AKER	United Kingdom	United Kingdom Independence Party	EFDD	M
